{
  "typefaces": [
    {
      "id": "sans",
      "name": "Source Sans Pro",
      "description": "<p>Source Sans Pro is an open-source sans serif typeface created for legibility in UI design. With a variety of weights that read easily at all sizes, Source Sans Pro provides clear headers as well as highly-readable body text.</p>\n<p>Inspired by twentieth-century American gothic typeface design, its slender but open letters offer a clean and friendly simplicity. Advanced hinting allows Source Sans Pro to render well on Windows systems which run Cleartype, and across browsers and devices. Moreover, it supports a variety of languages and alphabets, including Western and European language, Vietnamese, pinyin Romanization of Chinese, and Navajo.</p>"
    },
    {
      "id": "serif",
      "name": "Merriweather",
      "description": "<p>Merriweather is an open-source serif typeface designed for on-screen reading. This font is ideal for text-dense design: the letterforms have a tall x-height but remain relatively small, making for excellent readability across screen sizes while not occupying extra horizontal space.</p>\n<p>The combination of slim and thick weights gives the font family stylistic range, while conveying a desirable mix of classic, yet modern simplicity. Merriweather communicates warmth and credibility at both large and smaller font sizes.</p>"
    }
  ]
}
