{
  "aria_label": "Side navigation,,,",
  "items": [
    {
      "label": "Parent link",
      "current": false
    },
    {
      "label": "Current page",
      "current": true,
      "subnav": [
        {
          "label": "Child link"
        },
        {
          "label": "Child link",
          "subnav": [
            {
              "label": "Grandchild link"
            },
            {
              "label": "Grandchild link",
              "current": true
            },
            {
              "label": "Grandchild link"
            }
          ]
        },
        {
          "label": "Child link"
        }
      ]
    },
    {
      "label": "Parent link",
      "current": false
    }
  ]
}
