{
  "lang": "en",
  "img_path": "./img",
  "nav": {
    "menu": {
      "label": "Menu"
    },
    "aria_label": "Primary navigation,",
    "close": {
      "label": "Close"
    },
    "items": [
      {
        "label": "<Current section>",
        "current": true,
        "id": "basic-nav-section-one",
        "subnav": [
          {
            "label": "<Navigation link>"
          },
          {
            "label": "<Navigation link>"
          },
          {
            "label": "<Navigation link>"
          },
          {
            "label": "<Navigation link>"
          }
        ]
      },
      {
        "label": "<Simple link>"
      },
      {
        "label": "<Simple link>"
      }
    ]
  },
  "search": {
    "settings": {
      "modifier": "usa-search--small",
      "search_js": false,
      "id": "search-field",
      "search_label": "Search",
      "button_text": "Search"
    }
  }
}
