{
  "items": [
    {
      "icon": {
        "name": "check_circle",
        "color": "ink"
      },
      "content": "<h3 class=\"usa-icon-list__title\">Donate cash when possible.</h3>\n<p>Financial contributions to recognized disaster relief organizations are the fastest, most flexible and most effective method of donating. Organizations on the ground know what items and quantities are needed, often buy in bulk with discounts and, if possible, purchase through businesses local to the disaster, which supports economic recovery.</p>"
    },
    {
      "icon": {
        "name": "check_circle",
        "color": "ink"
      },
      "content": "<h3 class=\"usa-icon-list__title\">Confirm what donations are needed.</h3>\n<p>Unneeded and unsolicited goods burden local organizations’ ability to meet survivors’ confirmed needs, drawing away valuable volunteer labor, transportation and warehouse space.</p>"
    },
    {
      "icon": {
        "name": "check_circle",
        "color": "ink"
      },
      "content": "<h3 class=\"usa-icon-list__title\">Talk to trusted organizations about volunteering.</h3>\n<p>Financial contributions to recognized disaster relief organizations are the fastest, most flexible and most effective method of donating. Organizations on the ground know what items and quantities are needed, often buy in bulk with discounts and, if possible, purchase through businesses local to the disaster, which supports economic recovery.</p>"
    }
  ],
  "img_path": "./img"
}
