{
  "banner": {
    "id": "gov-banner-dot-mil-lang-es",
    "text": "Un sitio oficial del Gobierno de Estados Unidos",
    "action": "Así es como usted puede verificarlo",
    "aria_label": "Un sitio oficial del Gobierno de Estados Unidos,"
  },
  "domain": {
    "heading": "Los sitios web oficiales usan .mil",
    "text": "Un sitio web <strong>.mil</strong> pertenece a una organización oficial del Departamento de Defensa de EE. UU."
  },
  "https": {
    "heading": "Los sitios web seguros .mil usan HTTPS",
    "pretext": "Un <strong>candado</strong>",
    "posttext": "o <strong>https://</strong> significa que usted se conectó de forma segura a un sitio web .mil.  Comparta información sensible sólo en sitios web oficiales y seguros."
  }
}
